freq,coicop,geo\TIME_PERIOD	2019 	2020 	2021 	2022 
A,AP,EE	90.20 	82.93 	94.82 	121.47 
A,APF,EE	3.85 	3.63 	4.21 	4.56 
A,APM,EE	86.36 	79.30 	90.60 	116.92 
A,AP_NNRG,EE	30.45 	26.48 	30.47 	31.62 
A,AP_NRG,EE	59.76 	56.45 	64.35 	89.85 
A,CP00,EE	1000.00 	1000.00 	1000.00 	1000.00 
A,CP01,EE	190.53 	188.11 	220.74 	208.94 
A,CP011,EE	176.22 	173.33 	203.03 	191.80 
A,CP0111,EE	30.21 	28.47 	35.28 	32.09 
A,CP01111,EE	0.91 	0.85 	1.03 	0.89 
A,CP01112,EE	1.83 	1.71 	2.17 	1.91 
A,CP01113,EE	8.63 	7.57 	9.00 	8.32 
A,CP01114,EE	13.20 	12.82 	16.07 	13.32 
A,CP01115,EE	1.85 	1.67 	2.06 	3.28 
A,CP01116,EE	1.71 	1.68 	2.30 	1.89 
A,CP01117,EE	1.63 	1.68 	2.00 	1.78 
A,CP01118,EE	0.45 	0.49 	0.65 	0.69 
A,CP0112,EE	37.85 	36.74 	44.10 	38.06 
A,CP01121,EE	0.93 	1.00 	1.21 	1.21 
A,CP01122,EE	5.12 	5.08 	5.69 	5.57 
A,CP01123,EE	0.00 	0.00 	0.00 	0.00 
A,CP01124,EE	5.05 	4.73 	5.71 	6.48 
A,CP01125,EE	0.00 	0.00 	0.00 	0.00 
A,CP01126,EE	1.01 	0.76 	0.68 	0.61 
A,CP01127,EE	15.00 	15.08 	17.56 	13.44 
A,CP01128,EE	10.74 	10.09 	13.26 	10.75 
A,CP0113,EE	8.96 	9.33 	10.57 	10.54 
A,CP01131,EE	2.32 	2.77 	2.55 	3.61 
A,CP01132,EE	0.62 	0.52 	0.66 	0.52 
A,CP01133,EE	0.00 	0.00 	0.00 	0.00 
A,CP01134,EE	0.00 	0.00 	0.00 	0.00 
A,CP01135,EE	1.96 	1.87 	2.12 	1.74 
A,CP01136,EE	4.05 	4.17 	5.24 	4.68 
A,CP0114,EE	31.85 	32.42 	36.67 	33.10 
A,CP01141,EE	1.73 	2.01 	2.23 	2.01 
A,CP01142,EE	3.07 	2.80 	3.19 	3.03 
A,CP01143,EE	0.57 	0.60 	0.64 	0.68 
A,CP01144,EE	4.08 	4.05 	4.36 	4.22 
A,CP01145,EE	9.70 	9.50 	11.47 	10.38 
A,CP01146,EE	10.21 	10.55 	11.46 	9.61 
A,CP01147,EE	2.49 	2.91 	3.32 	3.17 
A,CP0115,EE	4.28 	4.19 	4.91 	4.49 
A,CP01151,EE	2.29 	2.35 	2.78 	2.78 
A,CP01152,EE	0.58 	0.57 	0.59 	0.48 
A,CP01153,EE	0.33 	0.33 	0.43 	0.34 
A,CP01154,EE	1.08 	0.94 	1.10 	0.89 
A,CP01155,EE	0.00 	0.00 	0.00 	0.00 
A,CP0116,EE	14.49 	16.17 	18.36 	16.05 
A,CP01161,EE	11.63 	13.32 	14.77 	12.18 
A,CP01162,EE	0.39 	0.52 	0.78 	0.68 
A,CP01163,EE	1.94 	1.87 	2.23 	2.46 
A,CP01164,EE	0.53 	0.46 	0.58 	0.73 
A,CP0117,EE	19.37 	17.02 	21.31 	22.92 
A,CP01171,EE	10.20 	8.58 	10.94 	10.60 
A,CP01172,EE	0.69 	0.68 	0.81 	1.16 
A,CP01173,EE	4.70 	4.33 	5.14 	5.23 
A,CP01174,EE	2.10 	1.51 	1.82 	3.44 
A,CP01175,EE	1.36 	1.53 	2.08 	1.99 
A,CP01176,EE	0.31 	0.40 	0.52 	0.50 
A,CP0118,EE	16.52 	15.85 	18.21 	17.72 
A,CP01181,EE	1.00 	0.81 	1.07 	1.00 
A,CP01182,EE	1.26 	1.21 	1.41 	1.55 
A,CP01183,EE	5.97 	5.62 	6.16 	6.05 
A,CP01184,EE	4.74 	4.32 	4.80 	4.87 
A,CP01185,EE	3.54 	3.89 	4.76 	4.26 
A,CP01186,EE	0.00 	0.00 	0.00 	0.00 
A,CP0119,EE	12.70 	13.15 	13.64 	16.83 
A,CP01191,EE	2.40 	2.30 	2.99 	3.70 
A,CP01192,EE	1.16 	0.81 	1.35 	1.48 
A,CP01193,EE	0.76 	0.67 	1.03 	1.22 
A,CP01194,EE	7.81 	8.78 	7.58 	9.67 
A,CP01199,EE	0.56 	0.58 	0.69 	0.75 
A,CP012,EE	14.31 	14.78 	17.71 	17.14 
A,CP0121,EE	5.94 	5.57 	6.62 	6.46 
A,CP01211,EE	4.47 	4.31 	5.17 	4.65 
A,CP01212,EE	1.20 	1.09 	1.13 	1.65 
A,CP01213,EE	0.27 	0.18 	0.32 	0.16 
A,CP0122,EE	8.37 	9.20 	11.09 	10.68 
A,CP01221,EE	2.09 	2.32 	2.78 	3.04 
A,CP01222,EE	3.31 	3.70 	4.64 	4.56 
A,CP01223,EE	2.97 	3.18 	3.66 	3.09 
A,CP02,EE	74.57 	71.30 	67.00 	55.12 
A,CP021,EE	51.47 	48.30 	46.08 	39.02 
A,CP0211,EE	18.99 	15.96 	16.01 	14.40 
A,CP02111,EE	17.69 	14.79 	14.85 	12.59 
A,CP02112,EE	1.31 	1.16 	1.15 	1.81 
A,CP0212,EE	15.19 	15.18 	13.40 	11.66 
A,CP02121,EE	12.63 	12.55 	10.89 	10.40 
A,CP02122,EE	1.56 	1.64 	1.64 	0.99 
A,CP02123,EE	0.99 	0.99 	0.87 	0.27 
A,CP02124,EE	0.00 	0.00 	0.00 	0.00 
A,CP0213,EE	17.29 	17.16 	16.67 	12.96 
A,CP02131,EE	16.60 	16.14 	15.72 	12.19 
A,CP02132,EE	0.00 	0.00 	0.00 	0.00 
A,CP02133,EE	0.69 	1.02 	0.94 	0.77 
A,CP02134,EE	0.00 	0.00 	0.00 	0.00 
A,CP022,EE	23.10 	23.00 	20.92 	16.10 
A,CP02201,EE	23.10 	23.00 	20.92 	16.10 
A,CP02202,EE	0.00 	0.00 	0.00 	0.00 
A,CP02203,EE	0.00 	0.00 	0.00 	0.00 
A,CP03,EE	68.18 	68.96 	56.00 	55.38 
A,CP031,EE	50.98 	52.66 	41.74 	42.75 
A,CP0311,EE	0.43 	0.25 	0.36 	0.34 
A,CP0312,EE	45.76 	48.15 	38.58 	38.47 
A,CP03121,EE	13.57 	12.90 	10.51 	10.26 
A,CP03122,EE	23.46 	26.14 	20.38 	22.09 
A,CP03123,EE	8.73 	9.11 	7.69 	6.12 
A,CP0313,EE	3.88 	3.47 	2.22 	3.28 
A,CP03131,EE	3.08 	2.84 	1.89 	2.43 
A,CP03132,EE	0.80 	0.63 	0.34 	0.84 
A,CP0314,EE	0.92 	0.79 	0.58 	0.67 
A,CP03141,EE	0.64 	0.59 	0.43 	0.50 
A,CP03142,EE	0.28 	0.20 	0.14 	0.16 
A,CP032,EE	17.20 	16.30 	14.26 	12.63 
A,CP0321,EE	16.99 	16.12 	13.99 	12.38 
A,CP03211,EE	4.58 	4.27 	3.68 	3.83 
A,CP03212,EE	10.22 	9.57 	8.06 	6.92 
A,CP03213,EE	2.18 	2.28 	2.26 	1.63 
A,CP0322,EE	0.21 	0.18 	0.26 	0.25 
A,CP04,EE	121.96 	119.15 	142.45 	167.70 
A,CP041,EE	15.86 	17.10 	22.64 	27.34 
A,CP0411,EE	15.86 	17.10 	22.64 	27.34 
A,CP0412,EE	0.00 	0.00 	0.00 	0.00 
A,CP04121,EE	0.00 	0.00 	0.00 	0.00 
A,CP04122,EE	0.00 	0.00 	0.00 	0.00 
A,CP043,EE	11.51 	12.02 	15.33 	13.44 
A,CP0431,EE	8.42 	8.61 	10.49 	9.27 
A,CP0432,EE	3.09 	3.41 	4.84 	4.18 
A,CP04321,EE	0.00 	0.00 	0.00 	0.00 
A,CP04322,EE	0.00 	0.00 	0.00 	0.00 
A,CP04323,EE	0.00 	0.00 	0.00 	0.00 
A,CP04324,EE	0.00 	0.00 	0.00 	0.00 
A,CP04325,EE	0.00 	0.00 	0.00 	0.00 
A,CP04329,EE	3.09 	3.41 	4.84 	4.18 
A,CP044,EE	23.57 	23.05 	28.49 	25.76 
A,CP0441,EE	5.26 	4.17 	5.60 	5.06 
A,CP0442,EE	2.86 	3.19 	4.16 	3.92 
A,CP0443,EE	5.98 	6.26 	8.39 	7.56 
A,CP0444,EE	9.47 	9.42 	10.34 	9.23 
A,CP04441,EE	5.67 	5.49 	6.14 	5.62 
A,CP04442,EE	0.58 	0.82 	0.69 	0.43 
A,CP04449,EE	3.22 	3.12 	3.51 	3.19 
A,CP045,EE	71.02 	66.98 	75.99 	101.15 
A,CP0451,EE	30.61 	28.52 	34.15 	43.08 
A,CP0452,EE	5.38 	5.30 	6.05 	12.02 
A,CP04521,EE	4.72 	4.78 	5.51 	11.45 
A,CP04522,EE	0.65 	0.52 	0.54 	0.56 
A,CP0453,EE	0.33 	0.35 	0.30 	0.34 
A,CP0454,EE	10.28 	9.67 	10.81 	10.39 
A,CP04541,EE	0.08 	0.04 	0.13 	0.11 
A,CP04549,EE	10.20 	9.63 	10.68 	10.27 
A,CP0455,EE	24.43 	23.15 	24.69 	35.32 
A,CP05,EE	52.24 	52.75 	68.34 	67.20 
A,CP051,EE	14.76 	15.57 	20.24 	21.69 
A,CP0511,EE	14.20 	14.79 	19.36 	20.60 
A,CP05111,EE	13.06 	13.83 	17.18 	17.25 
A,CP05112,EE	0.00 	0.00 	0.00 	0.00 
A,CP05113,EE	1.14 	0.96 	2.18 	3.34 
A,CP05119,EE	0.00 	0.00 	0.00 	0.00 
A,CP0512,EE	0.56 	0.78 	0.88 	1.09 
A,CP05121,EE	0.37 	0.50 	0.57 	0.71 
A,CP05122,EE	0.19 	0.28 	0.31 	0.38 
A,CP05123,EE	0.00 	0.00 	0.00 	0.00 
A,CP0513,EE	0.00 	0.00 	0.00 	0.00 
A,CP052,EE	3.49 	4.22 	5.96 	4.87 
A,CP05201,EE	0.63 	0.99 	1.68 	1.24 
A,CP05202,EE	2.13 	2.33 	2.81 	2.72 
A,CP05203,EE	0.72 	0.89 	1.48 	0.92 
A,CP05204,EE	0.00 	0.00 	0.00 	0.00 
A,CP05209,EE	0.00 	0.00 	0.00 	0.00 
A,CP053,EE	10.93 	10.75 	14.15 	13.36 
A,CP0531,EE	9.25 	9.33 	12.10 	11.36 
A,CP05311,EE	2.17 	2.12 	2.81 	2.62 
A,CP05312,EE	2.99 	2.96 	3.76 	3.90 
A,CP05313,EE	1.55 	1.31 	1.92 	1.53 
A,CP05314,EE	1.72 	1.92 	2.30 	2.02 
A,CP05315,EE	0.81 	1.02 	1.32 	1.29 
A,CP05319,EE	0.00 	0.00 	0.00 	0.00 
A,CP0531_0532,EE	10.61 	10.59 	13.94 	13.22 
A,CP0532,EE	1.37 	1.26 	1.85 	1.86 
A,CP05321,EE	0.37 	0.35 	0.53 	0.77 
A,CP05322,EE	0.81 	0.77 	1.07 	0.90 
A,CP05323,EE	0.19 	0.15 	0.25 	0.19 
A,CP05324,EE	0.00 	0.00 	0.00 	0.00 
A,CP05329,EE	0.00 	0.00 	0.00 	0.00 
A,CP0533,EE	0.32 	0.16 	0.21 	0.14 
A,CP054,EE	4.65 	4.43 	5.58 	5.86 
A,CP05401,EE	1.11 	1.08 	1.29 	1.46 
A,CP05402,EE	0.38 	0.23 	0.51 	0.39 
A,CP05403,EE	3.16 	3.12 	3.78 	4.00 
A,CP05404,EE	0.00 	0.00 	0.00 	0.00 
A,CP055,EE	7.67 	7.56 	9.52 	9.11 
A,CP0551,EE	3.01 	2.57 	3.49 	2.77 
A,CP05511,EE	2.93 	2.37 	2.85 	2.42 
A,CP05512,EE	0.08 	0.20 	0.64 	0.35 
A,CP0552,EE	4.66 	4.99 	6.03 	6.34 
A,CP05521,EE	1.67 	1.69 	2.05 	1.84 
A,CP05522,EE	2.98 	3.30 	3.99 	4.50 
A,CP05523,EE	0.00 	0.00 	0.00 	0.00 
A,CP056,EE	10.74 	10.22 	12.89 	12.31 
A,CP0561,EE	10.17 	10.00 	12.51 	12.05 
A,CP05611,EE	4.02 	4.04 	5.92 	5.07 
A,CP05612,EE	6.15 	5.96 	6.58 	6.98 
A,CP0562,EE	0.57 	0.22 	0.38 	0.26 
A,CP05621,EE	0.00 	0.00 	0.00 	0.00 
A,CP05622,EE	0.57 	0.22 	0.38 	0.26 
A,CP05623,EE	0.00 	0.00 	0.00 	0.00 
A,CP05629,EE	0.00 	0.00 	0.00 	0.00 
A,CP06,EE	47.80 	48.81 	60.87 	54.24 
A,CP061,EE	24.12 	24.84 	30.06 	27.51 
A,CP0611,EE	18.96 	19.72 	23.00 	21.77 
A,CP0612,EE	1.54 	1.49 	2.39 	1.87 
A,CP06121,EE	0.71 	0.72 	1.09 	0.88 
A,CP06129,EE	0.83 	0.77 	1.30 	0.98 
A,CP0612_0613,EE	5.17 	5.12 	7.06 	5.74 
A,CP0613,EE	3.62 	3.64 	4.67 	3.87 
A,CP06131,EE	2.79 	2.81 	3.40 	2.78 
A,CP06132,EE	0.00 	0.00 	0.00 	0.00 
A,CP06133,EE	0.00 	0.00 	0.00 	0.00 
A,CP06139,EE	0.83 	0.83 	1.27 	1.09 
A,CP062,EE	16.50 	16.83 	22.34 	19.78 
A,CP0621,EE	2.06 	2.14 	4.28 	3.24 
A,CP06211,EE	0.00 	0.00 	0.00 	0.00 
A,CP06212,EE	2.06 	2.14 	4.28 	3.24 
A,CP0621_0623,EE	4.57 	4.53 	7.08 	6.47 
A,CP0622,EE	11.93 	12.30 	15.26 	13.32 
A,CP0623,EE	2.51 	2.39 	2.79 	3.23 
A,CP06231,EE	0.00 	0.00 	0.00 	0.00 
A,CP06232,EE	0.00 	0.00 	0.00 	0.00 
A,CP06239,EE	2.51 	2.39 	2.79 	3.23 
A,CP063,EE	7.18 	7.13 	8.47 	6.95 
A,CP07,EE	137.98 	141.96 	130.95 	144.64 
A,CP071,EE	36.12 	37.93 	41.01 	45.76 
A,CP0711,EE	34.56 	36.57 	37.60 	42.73 
A,CP07111,EE	19.96 	20.06 	20.16 	25.51 
A,CP07112,EE	14.60 	16.51 	17.45 	17.23 
A,CP0712,EE	0.00 	0.00 	0.00 	0.00 
A,CP0712-0714,EE	1.56 	1.36 	3.41 	3.03 
A,CP0713,EE	1.56 	1.36 	3.41 	3.03 
A,CP0714,EE	0.00 	0.00 	0.00 	0.00 
A,CP072,EE	64.53 	69.22 	68.18 	77.50 
A,CP0721,EE	5.75 	5.92 	6.25 	5.73 
A,CP07211,EE	1.51 	1.62 	1.59 	1.38 
A,CP07212,EE	3.48 	3.39 	2.84 	2.67 
A,CP07213,EE	0.76 	0.91 	1.82 	1.68 
A,CP0722,EE	49.47 	53.26 	49.25 	58.09 
A,CP07221,EE	19.98 	20.97 	18.86 	24.09 
A,CP07222,EE	29.24 	32.01 	30.02 	33.63 
A,CP07223,EE	0.00 	0.00 	0.00 	0.00 
A,CP07224,EE	0.25 	0.28 	0.37 	0.37 
A,CP0723,EE	6.54 	6.75 	8.52 	8.98 
A,CP0724,EE	2.76 	3.28 	4.16 	4.71 
A,CP07241,EE	0.83 	1.03 	1.30 	1.17 
A,CP07242,EE	0.00 	0.00 	0.00 	0.00 
A,CP07243,EE	1.94 	2.25 	2.86 	3.54 
A,CP073,EE	37.33 	34.81 	21.77 	21.38 
A,CP0731,EE	3.00 	3.05 	2.68 	2.10 
A,CP07311,EE	3.00 	3.05 	2.68 	2.10 
A,CP07312,EE	0.00 	0.00 	0.00 	0.00 
A,CP0732,EE	14.04 	12.46 	10.79 	10.74 
A,CP07321,EE	12.03 	10.44 	8.74 	8.61 
A,CP07322,EE	2.01 	2.01 	2.05 	2.13 
A,CP0733,EE	11.85 	11.54 	3.50 	4.49 
A,CP07331,EE	0.00 	0.00 	0.00 	0.00 
A,CP07332,EE	11.85 	11.54 	3.50 	4.49 
A,CP0734,EE	7.33 	6.74 	3.82 	3.51 
A,CP07341,EE	7.33 	6.74 	3.82 	3.51 
A,CP07342,EE	0.00 	0.00 	0.00 	0.00 
A,CP0735,EE	1.10 	1.01 	0.98 	0.53 
A,CP0736,EE	0.00 	0.00 	0.00 	0.00 
A,CP07361,EE	0.00 	0.00 	0.00 	0.00 
A,CP07362,EE	0.00 	0.00 	0.00 	0.00 
A,CP07369,EE	0.00 	0.00 	0.00 	0.00 
A,CP08,EE	41.01 	41.88 	48.87 	44.35 
A,CP081,EE	1.35 	1.40 	1.79 	2.08 
A,CP08101,EE	0.24 	0.14 	0.16 	0.42 
A,CP08109,EE	1.11 	1.26 	1.63 	1.66 
A,CP0820,EE	3.30 	4.83 	5.49 	4.32 
A,CP08201,EE	0.00 	0.00 	0.00 	0.00 
A,CP08202,EE	3.30 	4.83 	5.49 	4.32 
A,CP08203,EE	0.00 	0.00 	0.00 	0.00 
A,CP08204,EE	0.00 	0.00 	0.00 	0.00 
A,CP082_083,EE	39.66 	40.47 	47.08 	42.27 
A,CP0830,EE	36.37 	35.64 	41.59 	37.95 
A,CP08301,EE	0.78 	0.68 	0.59 	0.44 
A,CP08302,EE	16.61 	16.83 	21.17 	18.81 
A,CP08303,EE	0.00 	0.00 	0.00 	0.00 
A,CP08304,EE	18.97 	18.13 	19.83 	18.70 
A,CP08305,EE	0.00 	0.00 	0.00 	0.00 
A,CP09,EE	96.66 	95.92 	77.64 	77.09 
A,CP091,EE	12.92 	12.25 	11.62 	11.55 
A,CP0911,EE	5.89 	5.35 	4.60 	4.37 
A,CP09111,EE	0.77 	0.59 	0.28 	0.31 
A,CP09112,EE	5.12 	4.76 	4.32 	4.06 
A,CP09113,EE	0.00 	0.00 	0.00 	0.00 
A,CP09119,EE	0.00 	0.00 	0.00 	0.00 
A,CP0912,EE	0.62 	0.50 	0.26 	0.33 
A,CP09121,EE	0.62 	0.50 	0.26 	0.33 
A,CP09122,EE	0.00 	0.00 	0.00 	0.00 
A,CP09123,EE	0.00 	0.00 	0.00 	0.00 
A,CP0913,EE	5.23 	5.45 	6.13 	6.23 
A,CP09131,EE	4.31 	4.67 	3.96 	4.18 
A,CP09132,EE	0.75 	0.66 	1.93 	1.79 
A,CP09133,EE	0.17 	0.12 	0.24 	0.26 
A,CP09134,EE	0.00 	0.00 	0.00 	0.00 
A,CP0914,EE	0.74 	0.70 	0.43 	0.35 
A,CP09141,EE	0.60 	0.59 	0.37 	0.32 
A,CP09142,EE	0.14 	0.11 	0.06 	0.03 
A,CP09149,EE	0.00 	0.00 	0.00 	0.00 
A,CP0915,EE	0.43 	0.25 	0.20 	0.26 
A,CP092,EE	0.00 	0.00 	0.00 	0.00 
A,CP0921,EE	0.00 	0.00 	0.00 	0.00 
A,CP09211,EE	0.00 	0.00 	0.00 	0.00 
A,CP09212,EE	0.00 	0.00 	0.00 	0.00 
A,CP09213,EE	0.00 	0.00 	0.00 	0.00 
A,CP09214,EE	0.00 	0.00 	0.00 	0.00 
A,CP09215,EE	0.00 	0.00 	0.00 	0.00 
A,CP0921_0922,EE	0.00 	0.00 	0.00 	0.00 
A,CP0922,EE	0.00 	0.00 	0.00 	0.00 
A,CP09221,EE	0.00 	0.00 	0.00 	0.00 
A,CP09222,EE	0.00 	0.00 	0.00 	0.00 
A,CP0923,EE	0.00 	0.00 	0.00 	0.00 
A,CP093,EE	28.61 	29.64 	31.38 	29.21 
A,CP0931,EE	7.10 	6.70 	5.56 	5.28 
A,CP09311,EE	1.83 	1.78 	1.27 	1.22 
A,CP09312,EE	5.27 	4.92 	4.30 	4.06 
A,CP0932,EE	4.19 	4.37 	4.95 	4.85 
A,CP09321,EE	4.19 	4.37 	4.95 	4.85 
A,CP09322,EE	0.00 	0.00 	0.00 	0.00 
A,CP09323,EE	0.00 	0.00 	0.00 	0.00 
A,CP0933,EE	7.76 	8.62 	9.25 	8.57 
A,CP09331,EE	1.53 	1.82 	2.85 	2.31 
A,CP09332,EE	6.23 	6.80 	6.40 	6.25 
A,CP0934,EE	8.30 	8.57 	9.82 	9.20 
A,CP09341,EE	0.00 	0.00 	0.00 	0.00 
A,CP09342,EE	8.30 	8.57 	9.82 	9.20 
A,CP0934_0935,EE	9.56 	9.95 	11.62 	10.51 
A,CP0935,EE	1.26 	1.38 	1.79 	1.31 
A,CP094,EE	24.83 	27.71 	19.39 	17.09 
A,CP0941,EE	12.51 	13.35 	11.85 	10.64 
A,CP09411,EE	1.42 	2.12 	1.63 	1.66 
A,CP09412,EE	11.09 	11.22 	10.22 	8.98 
A,CP0942,EE	12.32 	14.36 	7.54 	6.45 
A,CP09421,EE	8.30 	9.69 	4.39 	3.77 
A,CP09422,EE	2.02 	2.33 	1.63 	1.04 
A,CP09423,EE	1.79 	1.79 	1.42 	1.45 
A,CP09424,EE	0.00 	0.00 	0.00 	0.00 
A,CP09425,EE	0.22 	0.56 	0.11 	0.20 
A,CP09429,EE	0.00 	0.00 	0.00 	0.00 
A,CP095,EE	11.54 	9.62 	10.92 	10.02 
A,CP0951,EE	3.68 	3.26 	3.52 	3.94 
A,CP09511,EE	2.52 	2.18 	2.37 	2.70 
A,CP09512,EE	0.00 	0.00 	0.00 	0.00 
A,CP09513,EE	1.16 	1.08 	1.15 	1.24 
A,CP09514,EE	0.00 	0.00 	0.00 	0.00 
A,CP0952,EE	5.70 	4.37 	4.41 	4.03 
A,CP09521,EE	3.49 	2.42 	2.39 	2.16 
A,CP09522,EE	2.22 	1.95 	2.02 	1.86 
A,CP0953,EE	0.00 	0.00 	0.00 	0.00 
A,CP0953_0954,EE	2.15 	1.99 	2.99 	2.05 
A,CP0954,EE	2.15 	1.99 	2.99 	2.05 
A,CP09541,EE	0.78 	0.73 	1.14 	0.97 
A,CP09549,EE	1.37 	1.26 	1.85 	1.08 
A,CP096,EE	18.76 	16.71 	4.33 	9.22 
A,CP09601,EE	0.00 	0.00 	0.00 	0.00 
A,CP09602,EE	18.76 	16.71 	4.33 	9.22 
A,CP10,EE	10.90 	11.21 	10.44 	12.00 
A,CP101,EE	4.07 	4.27 	2.82 	3.46 
A,CP10101,EE	4.07 	4.27 	2.82 	3.46 
A,CP10102,EE	0.00 	0.00 	0.00 	0.00 
A,CP102,EE	0.00 	0.00 	0.00 	0.00 
A,CP103,EE	0.00 	0.00 	0.00 	0.00 
A,CP104,EE	4.64 	4.79 	5.31 	6.31 
A,CP105,EE	2.19 	2.16 	2.30 	2.23 
A,CP11,EE	104.97 	105.11 	57.18 	54.94 
A,CP111,EE	79.07 	80.01 	43.81 	36.05 
A,CP1111,EE	51.68 	55.82 	32.71 	28.72 
A,CP11111,EE	43.11 	47.36 	23.08 	18.25 
A,CP11112,EE	8.57 	8.46 	9.64 	10.47 
A,CP1112,EE	27.39 	24.19 	11.10 	7.33 
A,CP112,EE	25.90 	25.11 	13.36 	18.89 
A,CP11201,EE	22.15 	21.55 	11.10 	17.52 
A,CP11202,EE	0.00 	0.00 	0.00 	0.00 
A,CP11203,EE	3.75 	3.55 	2.26 	1.37 
A,CP12,EE	53.19 	54.85 	59.53 	58.40 
A,CP121,EE	29.39 	29.23 	30.53 	29.61 
A,CP1211,EE	7.75 	8.85 	8.76 	9.18 
A,CP12111,EE	1.18 	1.58 	1.10 	1.31 
A,CP12112,EE	5.05 	5.71 	5.97 	5.85 
A,CP12113,EE	1.52 	1.56 	1.69 	2.03 
A,CP1212,EE	0.54 	0.77 	0.58 	0.40 
A,CP12121,EE	0.54 	0.77 	0.58 	0.40 
A,CP12122,EE	0.00 	0.00 	0.00 	0.00 
A,CP1212_1213,EE	21.64 	20.37 	21.78 	20.43 
A,CP1213,EE	21.10 	19.60 	21.19 	20.03 
A,CP12131,EE	1.30 	1.33 	1.52 	1.57 
A,CP12132,EE	19.80 	18.27 	19.67 	18.46 
A,CP123,EE	7.16 	7.76 	7.61 	7.44 
A,CP1231,EE	2.39 	2.43 	2.32 	2.56 
A,CP12311,EE	1.79 	1.76 	1.48 	2.15 
A,CP12312,EE	0.49 	0.52 	0.67 	0.31 
A,CP12313,EE	0.11 	0.15 	0.17 	0.10 
A,CP1232,EE	4.76 	5.33 	5.30 	4.88 
A,CP12321,EE	2.31 	2.50 	1.98 	1.34 
A,CP12322,EE	0.89 	0.94 	1.00 	0.70 
A,CP12323,EE	0.00 	0.00 	0.00 	0.00 
A,CP12329,EE	1.56 	1.89 	2.32 	2.84 
A,CP124,EE	5.65 	6.06 	8.10 	8.03 
A,CP12401,EE	0.00 	0.00 	0.00 	0.00 
A,CP12402,EE	5.65 	6.06 	8.10 	8.03 
A,CP12403,EE	0.00 	0.00 	0.00 	0.00 
A,CP12404,EE	0.00 	0.00 	0.00 	0.00 
A,CP125,EE	5.26 	6.03 	6.36 	5.91 
A,CP1252,EE	0.67 	0.78 	0.93 	0.79 
A,CP1253,EE	0.00 	0.00 	0.00 	0.00 
A,CP12532,EE	0.00 	0.00 	0.00 	0.00 
A,CP1254,EE	4.13 	4.60 	4.84 	4.60 
A,CP12541,EE	3.46 	3.82 	4.46 	3.92 
A,CP12542,EE	0.67 	0.78 	0.38 	0.68 
A,CP1255,EE	0.47 	0.64 	0.58 	0.52 
A,CP126,EE	1.18 	1.18 	1.47 	1.45 
A,CP12621,EE	1.18 	1.18 	1.47 	1.45 
A,CP12622,EE	0.00 	0.00 	0.00 	0.00 
A,CP127,EE	4.56 	4.60 	5.45 	5.95 
A,CP12701,EE	3.38 	3.30 	3.78 	3.89 
A,CP12702,EE	0.22 	0.19 	0.28 	0.25 
A,CP12703,EE	0.46 	0.49 	0.56 	1.06 
A,CP12704,EE	0.50 	0.62 	0.84 	0.75 
A,EDUC_HLTH_SPR,EE	64.36 	66.08 	79.41 	74.28 
A,ELC_GAS,EE	70.69 	66.64 	75.69 	100.80 
A,FOOD,EE	265.10 	259.40 	287.74 	264.06 
A,FOOD_NP,EE	38.76 	39.16 	44.86 	43.43 
A,FOOD_P,EE	226.34 	220.24 	242.87 	220.63 
A,FOOD_P_X_ALC_TBC,EE	151.78 	148.95 	175.88 	165.51 
A,FOOD_S,EE	24.15 	24.68 	28.26 	26.40 
A,FUEL,EE	49.55 	53.33 	49.18 	58.06 
A,GD,EE	666.94 	663.97 	715.28 	718.82 
A,IGD,EE	401.84 	404.57 	427.55 	454.76 
A,IGD_NNRG,EE	281.60 	284.61 	302.67 	295.89 
A,IGD_NNRG_D,EE	82.28 	85.65 	97.25 	101.19 
A,IGD_NNRG_ND,EE	88.31 	86.09 	100.50 	92.68 
A,IGD_NNRG_SD,EE	111.00 	112.87 	104.92 	102.02 
A,NRG,EE	120.24 	119.96 	124.87 	158.87 
A,NRG_FOOD_NP,EE	159.00 	159.12 	169.73 	202.30 
A,NRG_FOOD_S,EE	144.39 	144.64 	153.13 	185.26 
A,SERV,EE	333.06 	336.03 	284.72 	281.18 
A,SERV_COM,EE	37.72 	37.04 	43.37 	40.03 
A,SERV_HOUS,EE	38.83 	40.56 	51.90 	53.42 
A,SERV_MSC,EE	47.89 	49.39 	59.45 	56.45 
A,SERV_REC,EE	157.87 	159.59 	90.71 	91.61 
A,SERV_REC_HOA,EE	44.65 	41.81 	17.69 	28.11 
A,SERV_REC_X_HOA,EE	113.21 	117.78 	73.02 	63.50 
A,SERV_TRA,EE	50.76 	49.45 	39.29 	39.66 
A,TOT_X_ALC_TBC,EE	925.43 	928.70 	933.00 	944.88 
A,TOT_X_AP,EE	909.80 	917.07 	905.18 	878.53 
A,TOT_X_APF,EE	996.15 	996.37 	995.79 	995.44 
A,TOT_X_APM,EE	913.64 	920.70 	909.40 	883.08 
A,TOT_X_EDUC_HLTH_SPR,EE	935.64 	933.92 	920.59 	925.72 
A,TOT_X_FOOD_S,EE	975.85 	975.32 	971.74 	973.60 
A,TOT_X_FUEL,EE	950.45 	946.67 	950.82 	941.94 
A,TOT_X_HOUS,EE	878.04 	880.85 	857.55 	832.30 
A,TOT_X_NRG,EE	879.76 	880.04 	875.13 	841.13 
A,TOT_X_NRG_FOOD,EE	614.66 	620.63 	587.39 	577.07 
A,TOT_X_NRG_FOOD_NP,EE	841.00 	840.88 	830.27 	797.70 
A,TOT_X_NRG_FOOD_S,EE	855.61 	855.36 	846.87 	814.74 
A,TOT_X_TBC,EE	976.90 	977.00 	979.08 	983.90 
